Product Name,Price,Description,Reviews
"Samsung Galaxy S24 5G Snapdragon (Amber Yellow, 128 GB)","₹49,999",8 GB RAM | 128 GB ROM15.75 cm (6.2 inch) Full HD+ Display50MP + 12MP | 12MP Front Camera4000 mAh Battery8 Gen 3 Processor1 Year Manufacturer Warranty for Device and 6 Months for In-Box Accessories,4.6
"Samsung Galaxy S24 5G Snapdragon (Onyx Black, 128 GB)","₹49,999",8 GB RAM | 128 GB ROM15.75 cm (6.2 inch) Full HD+ Display50MP + 12MP | 12MP Front Camera4000 mAh Battery8 Gen 3 Processor1 Year Manufacturer Warranty for Device and 6 Months for In-Box Accessories,4.6
"MOTOROLA edge 70 pro (Marble - PANTONE Lily white (white), 256 GB)","₹42,999",12 GB RAM | 256 GB ROM17.27 cm (6.8 inch) Full HD+ Super AMOLED Display50MP + 50MP | 50MP Front Camera6500 mAh Silicon-Carbon BatteryDimensity 8500 Extreme Processor1 Year on Handset and 6 Months on Accessories,4.4
"MOTOROLA Edge 70 Pro+ (Sculpted Wood PANTONE Chicory coffee (Brown), 256 GB)","₹47,999",12 GB RAM | 256 GB ROM17.27 cm (6.8 inch) Full HD+ Super AMOLED Display50MP + 50MP + 50MP | 50MP Front Camera6500 mAh Silicon-Carbon BatteryDimensity 8500 Extreme Processor1 Year on Handset and 6 Months on Accessories,4.6
"OnePlus Nord 6 (Pitch Black, 256 GB)","₹49,372","12 GB RAM | 256 GB ROM | Expandable Upto 256 GB17.22 cm (6.78 inch) Full HD+ Display50MP Rear Camera9000 mAh Battery4 octa-core processor Processorone-year limited warranty starting from the date of delivery, covering manufacturing defects in materials and workmanship",4.5
"Google Pixel 10a (Fog, 256 GB)","₹49,999",8 GB RAM | 256 GB ROM16.0 cm (6.3 inch) Full HD+ AMOLED Display48MP + 13MP | 13MP Front Camera5100 mAh Lithium BatteryTensor G4 Processor1 year domestic warranty,4.5
"OPPO Reno15 5G (Twilight Blue, 256 GB)","₹47,999",8 GB RAM | 256 GB ROM16.74 cm (6.59 inch) Full HD+ Display50MP + 50MP + 8MP | Yes6500 mAh Battery7 Gen 4 Processor1 Year Manufacturer Warranty for Device and 6 Months Manufacturer Warranty for Inbox Accessories,4.6
"Samsung Galaxy S24 5G Snapdragon (Marble Gray, 128 GB)","₹49,999",8 GB RAM | 128 GB ROM15.75 cm (6.2 inch) Full HD+ Display50MP + 12MP | 12MP Front Camera4000 mAh Battery8 Gen 3 Processor1 Year Manufacturer Warranty for Device and 6 Months for In-Box Accessories,4.5
"MOTOROLA Edge 70 Pro+ (Satin-Luxe PANTONE Zinfandel (Maroon), 256 GB)","₹47,999",12 GB RAM | 256 GB ROM17.27 cm (6.8 inch) Full HD+ Super AMOLED Display50MP + 50MP + 50MP | 50MP Front Camera6500 mAh Silicon-Carbon BatteryDimensity 8500 Extreme Processor1 Year on Handset and 6 Months on Accessories,4.3
"Samsung Galaxy S24 FE 5G (Mint, 256 GB)","₹45,999",8 GB RAM | 256 GB ROM17.02 cm (6.7 inch) Full HD+ Display50MP + 12MP + 8MP | 10MP Front Camera4700 mAh BatteryExynos 2400e Processor1 Year Manufacturer Warranty for Device and 6 Months for In-Box Accessories,4.3
"Samsung Galaxy A37 5G (Awesome Lavender, 256 GB)","₹45,999",8 GB RAM | 256 GB ROM17.02 cm (6.7 inch) Full HD+ Super AMOLED Display50MP + 8MP | 12MP Front Camera5000 mAh Li-ion BatteryExynos 1480 Processor1 Year Manufacturer Warranty for Device and 6 Months for In-Box Accessories,4.5
"Samsung Galaxy A37 5G (Awesome Charcoal, 128 GB)","₹41,999",8 GB RAM | 128 GB ROM17.02 cm (6.7 inch) Full HD+ Super AMOLED Display50MP + 8MP | 12MP Front Camera5000 mAh Li-ion BatteryExynos 1480 Processor1 Year Manufacturer Warranty for Device and 6 Months for In-Box Accessories,4.6
"OPPO Reno15 5G (Glacier White, 256 GB)","₹47,999",8 GB RAM | 256 GB ROM16.74 cm (6.59 inch) Full HD+ Display50MP + 50MP + 8MP | Yes6500 mAh Battery7 Gen 4 Processor1 Year Manufacturer Warranty for Device and 6 Months Manufacturer Warranty for Inbox Accessories,4.6
"OnePlus 12 (Glacial White, 256 GB)","₹49,944",12 GB RAM | 256 GB ROM17.32 cm (6.82 inch) Full HD+ AMOLED Display50MP Rear Camera5400 mAh BatteryQualcomm SM8650-AB Snapdragon 8 Gen 3 (4 nm) Processor1 Year manufacturer warranty for device and 1 year manufacturer warranty for in-box accessories including batteries from the date of purchase,4.4
"Samsung Galaxy S25 FE 5G (Navy, 256 GB)","₹52,999",8 GB RAM | 256 GB ROM17.02 cm (6.7 inch) Full HD+ Display50MP + 12MP + 8MP | 12MP Front Camera4900 mAh Li-ion BatteryExynos 2400 Processor1 Year Manufacturer Warranty for Device and 6 Months for In-Box Accessories,4.6
"vivo V70 FE (Monsoon Blue, 256 GB)","₹40,999",8 GB RAM | 256 GB ROM17.35 cm (6.83 inch) Full HD+ AMOLED Display200MP + 8MP | 50MP Front Camera7000 mAh Li-ion BatteryDimensity 7360-Turbo Processor1 Year Manufacturer Warranty for Device and 6 Months Manufacturer Warranty for Inbox Accessories,4.5
"vivo V70 (Passion Red, 256 GB)","₹49,999",8 GB RAM | 256 GB ROM16.74 cm (6.59 inches) Full HD+ AMOLED Display50MP + 50MP + 8MP | Yes6500 mAh Li-ion battery BatterySnapdragon 7 Gen 4 Processor1 Year Warranty on Handset and 6 Months Warranty on Accessories,4.5
"Nothing Phone (4a) (Pink, 256 GB)","₹43,999",12 GB RAM | 256 GB ROM17.22 cm (6.78 inch) Full HD+ AMOLED Display50MP + 50MP + 8MP | 32MP Front Camera5400 mAh Lithium ion BatterySnapdragon 7s Gen 4 Processor1 Year Manufacturing Warranty,4.5
"Google Pixel 10a (Obsidian, 256 GB)","₹49,999",8 GB RAM | 256 GB ROM16.0 cm (6.3 inch) Full HD+ AMOLED Display48MP + 13MP | 13MP Front Camera5100 mAh Lithium BatteryTensor G4 Processor1 year domestic warranty,4.4
"OPPO Reno14 5G (Forest Green, 512 GB)","₹47,999",12 GB RAM | 512 GB ROM16.74 cm (6.59 inch) Display50MP + 8MP + 50MP | 50MP Front Camera6000 mAh BatteryDimensity 8350 Processor1 Year Manufacturer Warranty for Device and 6 Months Manufacturer Warranty for Inbox Accessories,4.5
"MOTOROLA edge 70 pro (Satin-Luxe PANTONE Tea (Green), 256 GB)","₹42,999",12 GB RAM | 256 GB ROM17.27 cm (6.8 inch) Full HD+ Super AMOLED Display50MP + 50MP | 50MP Front Camera6500 mAh Silicon-Carbon BatteryDimensity 8500 Extreme Processor1 Year on Handset and 6 Months on Accessories,4.5
"Nothing Phone (4a) (White, 256 GB)","₹40,999",12 GB RAM | 256 GB ROM17.22 cm (6.78 inch) Full HD+ AMOLED Display50MP + 50MP + 8MP | 32MP Front Camera5400 mAh Lithium ion BatterySnapdragon 7s Gen 4 Processor1 Year Manufacturing Warranty,4.4
"Samsung Galaxy S24 FE 5G (Blue, 256 GB)","₹45,999",8 GB RAM | 256 GB ROM17.02 cm (6.7 inch) Full HD+ Display50MP + 12MP + 8MP | 10MP Front Camera4700 mAh BatteryExynos 2400e Processor1 Year Manufacturer Warranty for Device and 6 Months for In-Box Accessories,4.5
"Nothing Phone (4a) (Blue, 256 GB)","₹40,999",8 GB RAM | 256 GB ROM17.22 cm (6.78 inch) Full HD+ AMOLED Display50MP + 50MP + 8MP | 32MP Front Camera5400 mAh Lithium ion BatterySnapdragon 7s Gen 4 Processor1 Year Manufacturing Warranty,4.4
"Samsung Galaxy S24 FE 5G (Blue, 256 GB)","₹45,999",8 GB RAM | 256 GB ROM17.02 cm (6.7 inch) Full HD+ Display50MP + 12MP + 8MP | 10MP Front Camera4700 mAh BatteryExynos 2400e Processor1 Year Manufacturer Warranty for Device and 6 Months for In-Box Accessories,4.4
"Nothing Phone (4a) (Blue, 256 GB)","₹40,999",8 GB RAM | 256 GB ROM17.22 cm (6.78 inch) Full HD+ AMOLED Display50MP + 50MP + 8MP | 32MP Front Camera5400 mAh Lithium ion BatterySnapdragon 7s Gen 4 Processor1 Year Manufacturing Warranty,4.4
"realme P4R 5G (Silver Glare, 128 GB)","₹18,999",4 GB RAM | 128 GB ROM17.27 cm (6.8 inch) HD+ Display50MP Rear Camera | 8MP Front Camera8000 mAh BLPE45 lithium-ion polymer BatteryDimensity 6300 Processor1 Year Manufacturer Warranty for Device and 6 Months Manufacturer Warranty for Inbox Accessories,4.5
"OPPO Reno13 5G (Ivory White, 256 GB)","₹40,999",8 GB RAM | 256 GB ROM16.74 cm (6.59 inch) Display50MP + 8MP + 2MP | 50MP Front Camera5600 mAh BatteryDimensity 8350 Processor1 Year Warranty on Handset and 6 Months Warranty on Accessories,4.5
"MOTOROLA Razr 60 (PANTONE Spring Bud, 256 GB)","₹49,999",8 GB RAM | 256 GB ROM17.53 cm (6.9 inch) Full HD+ Display50MP + 13MP | 32MP Front Camera4500 mAh BatteryDimensity 7400X Processor1 Year Warranty on Handset and 6 Months Warranty on Accessories,4.5
"Google Pixel 10a (Berry, 256 GB)","₹49,999",8 GB RAM | 256 GB ROM16.0 cm (6.3 inch) Full HD+ AMOLED Display48MP + 13MP | 13MP Front Camera5100 mAh Lithium BatteryTensor G4 Processor1 year domestic warranty,4.6
"OPPO Reno14 5G (Forest Green, 256 GB)","₹42,999",8 GB RAM | 256 GB ROM16.74 cm (6.59 inch) Display50MP + 8MP + 50MP | 50MP Front Camera6000 mAh BatteryDimensity 8350 Processor1 Year Manufacturer Warranty for Device and 6 Months Manufacturer Warranty for Inbox Accessories,4.5
"Ai+ NovaFlip 5G (Glacier White, 256 GB)","₹49,999",8 GB RAM | 256 GB ROM17.53 cm (6.9 inch) Full HD+ AMOLED Display50MP + 2MP | 32MP Front Camera4325 mAh Battery1 Year Warranty on Handset and 6 Months Warranty on the Inbox Accessories,4.3
"Samsung Galaxy S25 FE 5G (White, 128 GB)","₹46,999",8 GB RAM | 128 GB ROM17.02 cm (6.7 inch) Full HD+ Display50MP + 12MP + 8MP | 12MP Front Camera4900 mAh Li-ion BatteryExynos 2400 Processor1 Year Manufacturer Warranty for Device and 6 Months for In-Box Accessories,4.5
"Google Pixel 10a (Lavender, 256 GB)","₹49,999",8 GB RAM | 256 GB ROM16.0 cm (6.3 inch) Full HD+ AMOLED Display48MP + 13MP | 13MP Front Camera5100 mAh Lithium BatteryTensor G4 Processor1 year domestic warranty,4.5
"Samsung Galaxy A36 5G (Awesome White, 256 GB)","₹32,998",8 GB RAM | 256 GB ROM17.02 cm (6.7 inch) Full HD+ Display50MP + 8MP | 12MP Front Camera5000 mAh BatteryQualcomm Snapdragon 6 Gen 3 Processor1 Year Manufacturer Warranty for Device and 6 Months for In-Box Accessories,4.5
"Samsung Galaxy S24 FE 5G (Graphite, 256 GB)","₹45,999",8 GB RAM | 256 GB ROM17.02 cm (6.7 inch) Full HD+ Display50MP + 12MP + 8MP | 10MP Front Camera4700 mAh BatteryExynos 2400e Processor1 Year Manufacturer Warranty for Device and 6 Months for In-Box Accessories,4.2
"Nothing Phone (4a) Pro (Silver, 128 GB)","₹49,999",8 GB RAM | 128 GB ROM17.35 cm (6.83 inch) Full HD+ AMOLED Display50MP + 50MP + 8MP | 32MP Front Camera5400 mAh Lithium ion BatterySnapdragon 7 Gen 4 Processor1 Year Manufacturing Warranty,4.4
"POCO X8 Pro Max (Blue, 512 GB)","₹48,999",12 GB RAM | 512 GB ROM17.35 cm (6.83 inch) Full HD+ AMOLED Display50MP + 8MP | 20MP Front Camera9000 mAh Lithium-Ion Polymer With Silicon Carbon Technology BatteryDimensity 9500s Processor1 Year Manufacturer Warranty for Phone and 6 Months Warranty for In the Box Accessories,4.3
"Samsung Galaxy Z Flip3 5G (Cream, 128 GB)","₹95,999",8 GB RAM | 128 GB ROM17.02 cm (6.7 inch) Full HD+ Display12MP + 12MP | 10MP Front Camera3300 mAh Lithium-ion BatteryQualcomm Snapdragon 888 Octa-Core Processor1 Year Manufacturer Warranty for Device and 6 months Manufacturer Warranty for In-Box Accessories,4
"Samsung Galaxy A56 5G (Awesome Graphite, 256 GB)","₹46,999",8 GB RAM | 256 GB ROM17.02 cm (6.7 inch) Full HD+ Display50MP + 12MP + 5MP | 12MP Front Camera5000 mAh BatterySamsung Exynos 1580 Processor1 Year Manufacturer Warranty for Device and 6 Months for In-Box Accessories,4.4
"MOTOROLA Edge 70 Pro+ (Twill Inspired PANTONE Stormy sea (Green), 256 GB)","₹47,999",12 GB RAM | 256 GB ROM17.27 cm (6.8 inch) Full HD+ Super AMOLED Display50MP + 50MP + 50MP | 50MP Front Camera6500 mAh Silicon-Carbon BatteryDimensity 8500 Extreme Processor1 Year on Handset and 6 Months on Accessories,3.3
"Samsung Galaxy A36 5G (Awesome Lavender, 256 GB)","₹32,995",8 GB RAM | 256 GB ROM17.02 cm (6.7 inch) Full HD+ Display50MP + 8MP | 12MP Front Camera5000 mAh BatteryQualcomm Snapdragon 6 Gen 3 Processor1 Year Manufacturer Warranty for Device and 6 Months for In-Box Accessories,4.6
"Xiaomi 12 Pro 5G (Noir Black, 256 GB)","₹49,990",8 GB RAM | 256 GB ROM17.09 cm (6.73 inch) Full HD+ Display50MP + 50MP + 50MP | 32MP Front Camera4600 mAh Lithium Polymer BatterySnapdragon 8 Gen 1 Processor1 Year Manufacturer Warranty for Phone and 6 Months Warranty for In the Box Accessories,4.5
"Samsung Galaxy A36 5G (Awesome Black, 256 GB)","₹35,990",12 GB RAM | 256 GB ROM17.02 cm (6.7 inch) Full HD+ Display50MP + 8MP | 12MP Front Camera5000 mAh BatteryQualcomm Snapdragon 6 Gen 3 Processor1 Year Manufacturer Warranty for Device and 6 Months for In-Box Accessories,4.5
"OnePlus 8 Pro (Ultramarine Blue, 256 GB)","₹43,999",12 GB RAM | 256 GB ROM17.22 cm (6.78 inch) Full HD+ Display48MP + 48MP + 8MP + 5MP | 16MP Front Camera4510 mAh BatteryQualcomm Snapdragon 865 Processor1 Year1 year manufacturer warranty for device and 6 months manufacturer warranty for in-box accessories,4.6
"OnePlus Nord 6 (Quick Silver, 256 GB)","₹50,000","12 GB RAM | 256 GB ROM | Expandable Upto 256 GB17.22 cm (6.78 inch) Full HD+ Display50MP Rear Camera9000 mAh Battery4 octa-core processor Processorone-year limited warranty starting from the date of delivery, covering manufacturing defects in materials and workmanship",4.4
"Nothing Phone (4a) (Black, 256 GB)","₹40,999",12 GB RAM | 256 GB ROM17.22 cm (6.78 inch) Full HD+ AMOLED Display50MP + 50MP + 8MP | 32MP Front Camera5400 mAh Lithium ion BatterySnapdragon 7s Gen 4 Processor1 Year Manufacturing Warranty,4.3
"OPPO Reno14 5G (Forest Green, 256 GB)","₹44,999",12 GB RAM | 256 GB ROM16.74 cm (6.59 inch) Display50MP + 8MP + 50MP | 50MP Front Camera6000 mAh BatteryDimensity 8350 Processor1 Year Manufacturer Warranty for Device and 6 Months Manufacturer Warranty for Inbox Accessories,4.3
"OnePlus 13s 5G (Black Velvet, 512 GB)","₹55,990",12 GB RAM | 512 GB ROM16.05 cm (6.32 inch) Display50MP Rear Camera5850 mAh Battery1 Year Warranty,4.5
"MOTOROLA edge 70 pro (Tailored Fabric - PANTONE Titan (Blue), 256 GB)","₹42,999",12 GB RAM | 256 GB ROM17.27 cm (6.8 inch) Full HD+ Super AMOLED Display50MP + 50MP | 50MP Front Camera6500 mAh Silicon-Carbon BatteryDimensity 8500 Extreme Processor1 Year on Handset and 6 Months on Accessories,3.9
"realme P4R 5G (Silver Glare, 128 GB)","₹18,999",4 GB RAM | 128 GB ROM17.27 cm (6.8 inch) HD+ Display50MP Rear Camera | 8MP Front Camera8000 mAh BLPE45 lithium-ion polymer BatteryDimensity 6300 Processor1 Year Manufacturer Warranty for Device and 6 Months Manufacturer Warranty for Inbox Accessories,4.6
"vivo V70 FE (Monsoon Blue, 256 GB)","₹44,999",12 GB RAM | 256 GB ROM17.35 cm (6.83 inch) Full HD+ AMOLED Display200MP + 8MP | 50MP Front Camera7000 mAh Li-ion BatteryDimensity 7360-Turbo Processor1 Year Manufacturer Warranty for Device and 6 Months Manufacturer Warranty for Inbox Accessories,4.3
"Samsung Galaxy A36 5G (Awesome Black, 256 GB)","₹32,890",8 GB RAM | 256 GB ROM17.02 cm (6.7 inch) Full HD+ Display50MP + 8MP | 12MP Front Camera5000 mAh BatteryQualcomm Snapdragon 6 Gen 3 Processor1 Year Manufacturer Warranty for Device and 6 Months for In-Box Accessories,4.5
"Nothing Phone (4a) Pro (Black, 128 GB)","₹49,999",8 GB RAM | 128 GB ROM17.35 cm (6.83 inch) Full HD+ AMOLED Display50MP + 50MP + 8MP | 32MP Front Camera5400 mAh Lithium ion BatterySnapdragon 7 Gen 4 Processor1 Year Manufacturing Warranty,4.5
"Xiaomi 11T Pro 5G Hyperphone (Celestial Magic, 256 GB)","₹50,000",8 GB RAM | 256 GB ROM16.94 cm (6.67 inch) Display108MP Rear Camera5000 mAh Battery12 months,4.5
"vivo V70 (Lemon Yellow, 256 GB)","₹49,999",8 GB RAM | 256 GB ROM16.74 cm (6.59 inches) Full HD+ AMOLED Display50MP + 50MP + 8MP | Yes6500 mAh Li-ion battery BatterySnapdragon 7 Gen 4 Processor1 Year Warranty on Handset and 6 Months Warranty on Accessories,4.3
"Samsung Galaxy A37 5G (Awesome Graygreen, 256 GB)","₹45,999",8 GB RAM | 256 GB ROM17.02 cm (6.7 inch) Full HD+ Super AMOLED Display50MP + 8MP | 12MP Front Camera5000 mAh Li-ion BatteryExynos 1480 Processor1 Year Manufacturer Warranty for Device and 6 Months for In-Box Accessories,4.5
"Samsung Galaxy S24 Exynos 5G (Amber Yellow, 128 GB)","₹49,999",8 GB RAM | 128 GB ROM15.75 cm (6.2 inch) Full HD+ Display50MP + 10MP + 12MP | 12MP Front Camera4000 mAh BatteryExynos 2400 Processor1 Year Manufacturer Warranty for Device and 6 Months for In-Box Accessories,4.3
"Google Pixel 10 (Obsidian, 256 GB)","₹74,999",12 GB RAM | 256 GB ROM16.0 cm (6.3 inch) Quad HD+ Display48MP + 13MP + 10.8MP | 10.5MP Front Camera4970 mAh BatteryTensor G5 Processor1 Year Domestic Warranty,4.3
"Samsung Galaxy S24 Exynos 5G (Marble Gray, 128 GB)","₹49,999",8 GB RAM | 128 GB ROM15.75 cm (6.2 inch) Full HD+ Display50MP + 10MP + 12MP | 12MP Front Camera4000 mAh BatteryExynos 2400 Processor1 Year Manufacturer Warranty for Device and 6 Months for In-Box Accessories,4.5
"Samsung Galaxy A37 5G (Awesome Graygreen, 128 GB)","₹41,999",8 GB RAM | 128 GB ROM17.02 cm (6.7 inch) Full HD+ Super AMOLED Display50MP + 8MP | 12MP Front Camera5000 mAh Li-ion BatteryExynos 1480 Processor1 Year Manufacturer Warranty for Device and 6 Months for In-Box Accessories,4.3
"OnePlus 13R 5G (Nebula Noir, 256 GB)","₹38,100",12 GB RAM | 256 GB ROM17.22 cm (6.78 inch) Display50MP Rear Camera6000 mAh Battery1 year manufacturer warranty for device and 1 year manufacturer warranty for in-box accessories including batteries from the date of purchase,4.3
"Samsung Galaxy A37 5G (Awesome Lavender, 128 GB)","₹41,999",8 GB RAM | 128 GB ROM17.02 cm (6.7 inch) Full HD+ Super AMOLED Display50MP + 8MP | 12MP Front Camera5000 mAh Li-ion BatteryExynos 1480 Processor1 Year Manufacturer Warranty for Device and 6 Months for In-Box Accessories,4.5
"Samsung Galaxy A37 5G (Awesome Charcoal, 256 GB)","₹45,999",8 GB RAM | 256 GB ROM17.02 cm (6.7 inch) Full HD+ Super AMOLED Display50MP + 8MP | 12MP Front Camera5000 mAh Li-ion BatteryExynos 1480 Processor1 Year Manufacturer Warranty for Device and 6 Months for In-Box Accessories,4.4
"OPPO Reno15 5G (Glacier White, 512 GB)","₹55,999",12 GB RAM | 512 GB ROM16.74 cm (6.59 inch) Full HD+ Display50MP + 50MP + 8MP | Yes6500 mAh Battery7 Gen 4 Processor1 Year Manufacturer Warranty for Device and 6 Months Manufacturer Warranty for Inbox Accessories,4.5
"vivo V70 FE (Northern Lights Purple, 256 GB)","₹44,999",12 GB RAM | 256 GB ROM17.35 cm (6.83 inch) Full HD+ AMOLED Display200MP + 8MP | 50MP Front Camera7000 mAh Li-ion BatteryDimensity 7360-Turbo Processor1 Year Manufacturer Warranty for Device and 6 Months Manufacturer Warranty for Inbox Accessories,4.3
"Samsung Galaxy S21 FE 5G with Snapdragon 888 (Graphite, 128 GB)","₹49,999",8 GB RAM | 128 GB ROM16.26 cm (6.4 inch) Full HD+ Display12MP + 12MP + 8MP (OIS) | 32MP Front Camera4500 mAh Lithium-ion BatterySnapdragon 888 Processor1 Year Manufacturer Warranty for Device and 6 Months Manufacturer Warranty for In-Box Accessories,4.5
"OPPO Reno13 Pro 5G (Graphite Grey, 256 GB)","₹42,880",12 GB RAM | 256 GB ROM17.35 cm (6.83 inch) Display50MP + 50MP + 8MP | 50MP Front Camera5800 mAh BatteryDimensity 8350 Processor1 Year Warranty on Handset and 6 Months Warranty on Accessories,4.3
"Samsung Galaxy A36 5G (Awesome Lavender, 256 GB)","₹35,989",12 GB RAM | 256 GB ROM17.02 cm (6.7 inch) Full HD+ Display50MP + 8MP | 12MP Front Camera5000 mAh BatteryQualcomm Snapdragon 6 Gen 3 Processor1 Year Manufacturer Warranty for Device and 6 Months for In-Box Accessories,4.6
"POCO X8 Pro Max (White, 512 GB)","₹48,999",12 GB RAM | 512 GB ROM17.35 cm (6.83 inch) Full HD+ AMOLED Display50MP + 8MP | 20MP Front Camera9000 mAh Lithium-Ion Polymer With Silicon Carbon Technology BatteryDimensity 9500s Processor1 Year Manufacturer Warranty for Phone and 6 Months Warranty for In the Box Accessories,4.5
"Samsung Galaxy A54 5G (Awesome Violet, 128 GB)","₹41,999","8 GB RAM | 128 GB ROM | Expandable Upto 1 TB16.26 cm (6.4 inch) Full HD+ Display50MP + 12MP + 5MP | 32MP Front Camera5000 mAh BatteryExynos 1380, Octa Core Processor1 Year Manufacturer Warranty for Device and 6 Months Manufacturer Warranty for In-Box Accessories",4.5
"OPPO Reno14 5G (Pearl White, 256 GB)","₹44,999",12 GB RAM | 256 GB ROM16.74 cm (6.59 inch) Display50MP + 8MP + 50MP | 50MP Front Camera6000 mAh BatteryDimensity 8350 Processor1 Year Manufacturer Warranty for Device and 6 Months Manufacturer Warranty for Inbox Accessories,4.6
"OPPO Reno10 Pro 5G (Silvery Grey, 256 GB)","₹39,999",12 GB RAM | 256 GB ROM17.02 cm (6.7 inch) Full HD+ Display50MP + 32MP + 8MP | 32MP Front Camera4600 mAh BatterySnapdragon 778G 5G Processor1 Year Manufacturer Warranty for Phone and 6 Months Warranty for In the Box Accessories,4.2
"OnePlus Nord 6 (Fresh Mint, 256 GB)","₹50,000","12 GB RAM | 256 GB ROM | Expandable Upto 256 GB17.22 cm (6.78 inch) Full HD+ Display50MP Rear Camera9000 mAh Battery4 octa-core processor Processorone-year limited warranty starting from the date of delivery, covering manufacturing defects in materials and workmanship",4.4
"Google Pixel 10 (Lemongrass, 256 GB)","₹74,999",12 GB RAM | 256 GB ROM16.0 cm (6.3 inch) Quad HD+ Display48MP + 13MP + 10.8MP | 10.5MP Front Camera4970 mAh BatteryTensor G5 Processor1 Year Domestic Warranty,4.6
"OPPO Reno14 5G (Pearl White, 512 GB)","₹47,999",12 GB RAM | 512 GB ROM16.74 cm (6.59 inch) Display50MP + 8MP + 50MP | 50MP Front Camera6000 mAh BatteryDimensity 8350 Processor1 Year Manufacturer Warranty for Device and 6 Months Manufacturer Warranty for Inbox Accessories,4.5
"realme P4R 5G (Silver Glare, 128 GB)","₹18,999",4 GB RAM | 128 GB ROM17.27 cm (6.8 inch) HD+ Display50MP Rear Camera | 8MP Front Camera8000 mAh BLPE45 lithium-ion polymer BatteryDimensity 6300 Processor1 Year Manufacturer Warranty for Device and 6 Months Manufacturer Warranty for Inbox Accessories,4.2
"Samsung Galaxy S23 5G (Green, 128 GB)","₹89,999",8 GB RAM | 128 GB ROM15.49 cm (6.1 inch) Full HD+ Display50MP + 10MP + 12MP | 12MP Front Camera3900 mAh Lithium Ion BatteryQualcomm Snapdragon 8 Gen 2 Processor1 Year Manufacturer Warranty for Device and 6 Months Manufacturer Warranty for In-Box Accessories,4.6
"Motorola Edge 30 Fusion (Cosmic grey, 128 GB)","₹49,999",8 GB RAM | 128 GB ROM16.64 cm (6.55 inch) Full HD+ Display50MP + 13MP + 2MP | 32MP Front Camera4400 mAh Lithium BatteryQualcomm Snapdragon 888 + Processor1 Year on Handset and 6 Months on Accessories,4.5
"OPPO Reno 12 5G (Matte Brown, 256 GB)","₹43,999",8 GB RAM | 256 GB ROM | Expandable Upto 1 TB17.02 cm (6.7 inch) Full HD+ Display50MP + 8MP + 2MP | 32MP Front Camera5000 mAh BatteryDimensity 7300 Energy Processor1 Year Manufacturer Warranty for Device and 6 Months Manufacturer Warranty for Inbox Accessories,4.4
"OnePlus 13s 5G (Black Velvet, 256 GB)","₹53,990",12 GB RAM | 256 GB ROM16.05 cm (6.32 inch) Display50MP Rear Camera5850 mAh Battery1 Year Warranty,4.4
"Google Pixel 10 (Indigo, 256 GB)","₹74,999",12 GB RAM | 256 GB ROM16.0 cm (6.3 inch) Quad HD+ Display48MP + 13MP + 10.8MP | 10.5MP Front Camera4970 mAh BatteryTensor G5 Processor1 Year Domestic Warranty,4.4
"Samsung Galaxy Z Flip3 5G (Phantom Black, 128 GB)","₹95,999",8 GB RAM | 128 GB ROM17.02 cm (6.7 inch) Full HD+ Display12MP + 12MP | 10MP Front Camera3300 mAh Lithium-ion BatteryQualcomm Snapdragon 888 Octa-Core Processor1 Year Manufacturer Warranty for Device and 6 months Manufacturer Warranty for In-Box Accessories,4.6
"OnePlus 13s 5G (Green Silk, 256 GB)","₹53,879",12 GB RAM | 256 GB ROM16.05 cm (6.32 inch) Display50MP Rear Camera5850 mAh Battery1 Year Warranty,4.4
"realme GT 6 (Razor Green, 512 GB)","₹32,999",16 GB RAM | 512 GB ROM17.22 cm (6.78 inch) Full HD+ Display50MP + 8MP + 50MP | 32MP Front Camera5500 mAh Battery8s Gen 3 Mobile Platform Processor1 Year Manufacturer Warranty for Device and 6 Months Manufacturer Warranty for Inbox Accessories,4.5
"Nothing Phone (3) (Black, 256 GB)","₹49,999",12 GB RAM | 256 GB ROM16.94 cm (6.67 inch) Display50MP + 50MP + 50MP | 50MP Front Camera5500 mAh Battery8s Gen 4 Mobile Platform Processor1 Year Manufacturing Warranty,4.5
"Samsung Galaxy A56 5G (Awesome Olive, 256 GB)","₹46,999",8 GB RAM | 256 GB ROM17.02 cm (6.7 inch) Full HD+ Display50MP + 12MP + 5MP | 12MP Front Camera5000 mAh BatterySamsung Exynos 1580 Processor1 Year Manufacturer Warranty for Device and 6 Months for In-Box Accessories,4.3
"OnePlus 11 5G (Eternal Green, 128 GB)","₹38,948",8 GB RAM | 128 GB ROM17.02 cm (6.7 inch) Display50MP Rear Camera5000 mAh Batterydomestic warranty of 12 months on phone & 6 months on accessories,4.5
"Samsung Galaxy S24 5G Snapdragon (Cobalt Violet, 128 GB)","₹49,999",8 GB RAM | 128 GB ROM15.75 cm (6.2 inch) Full HD+ Display50MP + 12MP | 12MP Front Camera4000 mAh Battery8 Gen 3 Processor1 Year Manufacturer Warranty for Device and 6 Months for In-Box Accessories,3.9
"Samsung Galaxy A55 5G (Awesome Iceblue, 256 GB)","₹24,432",8 GB RAM | 256 GB ROM | Expandable Upto 1 TB16.76 cm (6.6 inch) Full HD+ Display50MP + 12MP + 5MP | 32MP Front Camera5000 mAh BatterySamsung Exynos 1480 Processor1 Year Manufacturer Warranty for Device and 6 Months for In-Box Accessories,4.5
"vivo X80 (Cosmic Black, 256 GB)","₹42,990",12 GB RAM | 256 GB ROM17.22 cm (6.78 inch) Full HD+ Display50MP + 12MP + 12MP | 32MP Front Camera4500 mAh Lithium BatteryMediatek Dimensity 9000 Processor1 Year on Handset and 6 Months on Accessories,N/A
"vivo V60 5G (Moonlit Blue, 512 GB)","₹43,949",16 GB RAM | 512 GB ROM17.2 cm (6.77 inch) Display50MP + 8MP + 50MP | 50MP Front Camera6500 mAh Battery7 Gen 4 Processor1 Year Manufacturer Warranty for Device and 6 Months Manufacturer Warranty for Inbox Accessories,N/A
"Samsung Galaxy A55 5G (Awesome Iceblue, 256 GB)","₹31,999",12 GB RAM | 256 GB ROM | Expandable Upto 1 TB16.76 cm (6.6 inch) Full HD+ Display50MP + 12MP + 5MP | 32MP Front Camera5000 mAh BatteryExynos 1480 Processor1 Year Manufacturer Warranty for Device and 6 Months for In-Box Accessories,N/A
"OnePlus 13R 5g (Astral Trail, 256 GB)","₹37,628",12 GB RAM | 256 GB ROM17.22 cm (6.78 inch) Display50MP Rear Camera6000 mAh Battery1 year manufacturer warranty for device and 1 year manufacturer warranty for in-box accessories including batteries from the date of purchase,N/A
"OnePlus 9 5G (Winter Mist, 256 GB)","₹49,999",12 GB RAM | 256 GB ROM16.64 cm (6.55 inch) Display48MP Rear Camera4500 mAh Battery1 Year,N/A
"vivo T4 Ultra 5G (Phoenix Gold, 512 GB)","₹39,999",12 GB RAM | 512 GB ROM16.94 cm (6.67 inch) Full HD+ AMOLED Display50MP + 8MP + 50MP Periscope | 32MP Front Camera5500 mAh BatteryDimensity 9300+ Processor1 Year Warranty on the Product and 6 Months Warranty on Inbox Accessories,N/A
